NULL,ȂB
rjhkkOOOP,B
rjhkkOOOQ,B
rjhkkOOOR,B
rjhkkOOOS,B
rjhkkOOOT,B
rjhkkOOOU,B
rjhkkOOOV,B
rjhkkOOOW,B
rjhkkOOOX,B
rjhkkOOPO,B
, go Ȃق З͂オB
WXgGC, go ֌WȂ 퓬s\ B
ό,B
, go  B
, go ƓɂB
SgS, Wh ɂ UBg  퓬s\ ȂB
t, Wh ɂ UBg  퓬s\ ȂB
̎,̃XL    XL ׂĎg g悤 ȂB
sS,P^[ڂ ͂𗭂  Wh グBQ^[ڂ UB
I[o[XL, ^ _[W R̂P _[W󂯂B
XsbgbV, ^ _[W ŜP _[W󂯂B
ڗ,ʏUB
A, ΂ 搧łB
ẗ, Ԉُ XL g З͂ {ɂȂBÈŏԂłWeቺȂB
w,Õ^[  |Ă З͂ {ɂȂB
, \͕ω  UB
ԂꂩԂ,ȂB
\,Q A UB
}P,搧U  Ђ܂B퓬 o  oȂ ȂB
Ց, ΂ 搧łB
e, 搧 UB h䌋E łB
e,Q`R^[ XL UB̌ B
{gA^bN,R m  ჏Ԃ B
gCGtFNg,Q mő Ⴢ Èł | B
fXgNV,R m  Ђ܂B
Ď,K U B
V_̉,Cۂɂ З͂  ςB
l_̉,nɂ З͂  ςB
,Q`T A UB
₹䖝,U 󂯂Ă go K P cBA o s ₷B
XE, U ܂ 󂯂ȂBA o s ₷B
oAIvV,go ŜP g oA oB
_~낵, SĂ \͂ ǂꂩ P 傫 グB
}蓖,ő go  B
Ȃ_,x g i x gƂ łB
p[X|bg, ^[  ő go  񕜂B
̋n, ~Ԃ  gB_ XL gB
,̍ő go  炵  We ő グB
Jt[W,Jt[W  𗦂 傫 グB
ЕX, We rq グB
ItFT[gX, We Ue rq 傫 グ Wh Uh B
Ր, We Wh  グB
ǂ,З͂P.T{ 肪 Ƃ XL ɏoB Ȃ sB
~, ჏Ԃ B
i\,T l` ւ \ ω ւ l` ̂܂ 󂯌pB
A̋C,ʏUB
Ue,P m Ђ܂B
z̋C,ʏUB
gUr[,ɗȈꌂ o₷B
^ۓV, SĂ \͂ ǂꂩ P オB
hǋ, WhグB
ǋ, UhグB
rjhkkOOUR,B
rjhkkOOUS,B
rjhkkOOUT,B
rjhkkOOUU,B
rjhkkOOUV,B
rjhkkOOUW,B
rjhkkOOUX,B
rjhkkOOVO,B
rjhkkOOVP,B
rjhkkOOVQ,B
rjhkkOOVR,B
rjhkkOOVS,B
rjhkkOOVT,B
rjhkkOOVU,B
rjhkkOOVV,B
rjhkkOOVW,B
rjhkkOOVX,B
rjhkkOOWO,B
rjhkkOOWP,B
rjhkkOOWQ,B
rjhkkOOWR,B
rjhkkOOWS,B
rjhkkOOWT,B
rjhkkOOWU,B
rjhkkOOWV,B
rjhkkOOWW,B
rjhkkOOWX,B
rjhkkOOXO,B
rjhkkOOXP,B
rjhkkOOXQ,B
rjhkkOOXR,B
rjhkkOOXS,B
rjhkkOOXT,B
rjhkkOOXU,B
rjhkkOOXV,B
rjhkkOOXW,B
rjhkkOOXX,B
rjhkkOPOO,B
, RXg  ق З͂ ȂB
, ^ _[W R̂P _[W󂯂BP m  ΏԂ B
z[[tA,T m  ΏԂ B
o[XgCN,ɗȈꌂ ł₷ P̊m  ΏԂɂB
Ή,R m  ΏԂ B
t@CAWx,P m  ΏԂ B
CWOT, rq グB
Ή, go ق З͂ B
GNXv[W,^[  ȂȂB
HPCm,U  Ue 傫 B
CtFm,P m  ΏԂ B
Α,P m  ΏԂ B
V̑, ΏԂ B
̕,S`T^[   ߂ UB
obNhtg,P m  ΏԂ B
tbVI[o[,R m  ΏԂ B
̔g,T m  Ue グB
t@CAEH[,肪 i Ă З͂ P.T{ɂȂ i R₵ gȂB
ւ̕,S`T^[   ߂ UB
ω, Ώ ÈŏԂ B
e~bg, ΏԂ B
nu鐝v,n 鐝 B
t@CA[{[,P m  ΏԂ B
Β,Q m  ΏԂ B
ΗV,P m  ΏԂ B
tA,P m  ΏԂ B
ꕄE,ʏUB͂PKłȂB
CM, ΏԂ B
rjhkkOPQX,B
rjhkkOPRO,B
rjhkkOPRP,B
rjhkkOPRQ,B
rjhkkOPRR,B
rjhkkOPRS,B
rjhkkOPRT,B
rjhkkOPRU,B
rjhkkOPRV,B
rjhkkOPRW,B
rjhkkOPRX,B
rjhkkOPSO,B
rjhkkOPSP,B
rjhkkOPSQ,B
rjhkkOPSR,B
rjhkkOPSS,B
rjhkkOPST,B
rjhkkOPSU,B
rjhkkOPSV,B
rjhkkOPSW,B
rjhkkOPSX,B
rjhkkOPTO,B
DrbOEF[u,ʏUB
ꗎ,ʏUB
Thtbh,ɗȈꌂ o₷B
ACXRtB,Q m Ђ܂B
ANAWx,Q m  rq B
o[XXvbV,肩 XL 󂯂Ă   ΂ XL З͂ Q{ ȂB
ANA\jbN, ΂ 搧łB
ANAJb^[, ΂ 搧łB
ACX}VK,Q`T A UB ΂ 搧łB
EH[^[Jm, go ق З͂ B
ANAuX,^[  ȂȂB
R[hC,P m ~Ԃ B
ACXGCW,P m  rq B
X,ʏUB
CWB~Xg,R m  Ԃ B
Ԍ,K ɗȈꌂ łB
XCVbg,̏rq B
̃x[,T^[   \͂ ȂȂB
WJ,S`T^[   ߂ UB
y~, We Wh グ rq B
, rq 傫 B
̕,  B
΂, Ԃ B
nuv,n  B
EH[^[{[,ʏUB
tXgGbW,P m  ~Ԃ B
V{,ʏUB
ፇ,P m  rq B
񕄁E,ʏUB͂PKłȂB
D^, rq B
rjhkkOPWP,B
rjhkkOPWQ,B
rjhkkOPWR,B
rjhkkOPWS,B
rjhkkOPWT,B
rjhkkOPWU,B
rjhkkOPWV,B
rjhkkOPWW,B
rjhkkOPWX,B
rjhkkOPXO,B
rjhkkOPXP,B
rjhkkOPXQ,B
rjhkkOPXR,B
rjhkkOPXS,B
rjhkkOPXT,B
rjhkkOPXU,B
rjhkkOPXV,B
rjhkkOPXW,B
rjhkkOPXX,B
rjhkkOQOO,B
^uvg, RXg ق З͂ ȂB
[gt[O,ʏUB
ʞ, ^ _[W R̂P _[W󂯂B
Q̐,P m  Ԃ B
Ԓ,Q m  We B
OXWx,P m  Ԃ B
p[hC,^ _[W  go 񕜂łB
I̕,Q`T A UB
,^[  ȂȂB
炫,U  Ue 傫 B
Uؖ앪,Q`R^[ XL UB̌ B
ʌS,P^[ڂ ͂𗭂 Q^[ڂ UBCۂ Ɍ̎ ͂ ߂ gB
~XgtHbO,P m  Ue B
GiW[Au\[u,^ _[W  go 񕜂łB
ؗt̗,K U B
Xї, SĂ l` ĂԈُ B
̐,^[ go  񕜂Bgp l` オłȂȂB
̒, U hBЗ͂̍ U h BA o s ₷B
hCV[h, go ^[ z  go 񕜂BRɂ ȂB
}ǐb,ő go  B
S̕, 퓬s\ɂȂ邪 T oĂ l` Ԉُ go S񕜂B
tFA[_X, Ue Uh rq グB
zCg~Xg, Ue Ȃ 傫 グB
_̕, Wh Ȃ 傫 グB
f̉ԕ, ~Ԃ B
d̗ؕ, ჏Ԃ B
nuv,n  B
Ӓ̕,^[ go  񕜂B
pTCg,^ _[W  go 񕜂łB
Se,ɗȈꌂ o₷B
܂,ʏUB
ጎ,P m  Ue B
OER,ʏUB͂PKłȂB
, ŏԂ B
rjhkkOQRT,B
rjhkkOQRU,B
rjhkkOQRV,B
rjhkkOQRW,B
rjhkkOQRX,B
rjhkkOQSO,B
rjhkkOQSP,B
rjhkkOQSQ,B
rjhkkOQSR,B
rjhkkOQSS,B
rjhkkOQST,B
rjhkkOQSU,B
rjhkkOQSV,B
rjhkkOQSW,B
rjhkkOQSX,B
rjhkkOQTO,B
kVn, go ֌WȂ 퓬s\ B
Vϒn,^[  ȂȂB
V[eBOvX,ʏUB
OhxCg,ɗȈꌂ o₷B
CvY,R m  Ђ܂B
XN[bN,K ɗȈꌂ oB
Xg[XpCN, rq B
o,R m   B
I̗e,Q A UB
o̖,S`T^[   ߂ UB
Η,Q`T A UB
y΂̍rg,P m   B
sȒn,R m   B
WG[Xg[,ʏUB
R, go Ȃ З͂ オB
Xg[T[N,P m  ׂĂ \͂ オB
}Cgbv,}Cgbv ݒu  oĂ  l` _[W ^Bdˊ| З͂ オB
C۔uv,Cۂ  B
ǂ낾,ʏUB
Xg[C,Q m  Ђ܂B
I,  B
R,P m   B
lEn,ʏUB͂PKłȂB
n, rq 傫 グB
rjhkkOQVT,B
rjhkkOQVU,B
rjhkkOQVV,B
rjhkkOQVW,B
rjhkkOQVX,B
rjhkkOQWO,B
rjhkkOQWP,B
rjhkkOQWQ,B
rjhkkOQWR,B
rjhkkOQWS,B
rjhkkOQWT,B
rjhkkOQWU,B
rjhkkOQWV,B
rjhkkOQWW,B
rjhkkOQWX,B
rjhkkOQXO,B
rjhkkOQXP,B
rjhkkOQXQ,B
rjhkkOQXR,B
rjhkkOQXS,B
rjhkkOQXT,B
rjhkkOQXU,B
rjhkkOQXV,B
rjhkkOQXW,B
rjhkkOQXX,B
rjhkkOROO,B
, RXg ق З͂ ȂB
tNV~[,̃^[ Ō 󂯂 UXL _[W P.T{ɂ ԂB
CpNgxI, rq Ⴂق З͂ ȂB
StNbV,^ _[W  _[W󂯂B
e,P m  We グB
M, ^ _[W R̂P _[W󂯂B
Zʂ,P m  Ђ܂B
LOoCg,K ɗȈꌂ oB
Ԃ̐n,K U B
, ΂ 搧łB
XgXbV,U ̐ Ă܂B
F̉J,P m  Ue グB
N[C, \͕ω e󂯂ȂB
VFCNMA,Q A UB
NCbNX[,Q`T A UB
WV\, We  グB
V\, We 傫 グB
ҐiV\, We グ rq 傫 グB
SǔV\, Wh 傫 グB
ՎἁX, U  悤 B
nuՁv,n Ղ B
XeXgbv,XeXgbv ݒu  oĂ  l` _[W ^B e 󂯂B
UEbp[,ɗȈꌂ o₷B
n}[,ɗȈꌂ o₷B
iCt,P m  Uh B
^j[h,Q m  Ue グB
ܕE|S,ʏUB͂PKłȂB
ӐS, We グB
rjhkkORQX,B
rjhkkORRO,B
rjhkkORRP,B
rjhkkORRQ,B
rjhkkORRR,B
rjhkkORRS,B
rjhkkORRT,B
rjhkkORRU,B
rjhkkORRV,B
rjhkkORRW,B
rjhkkORRX,B
rjhkkORSO,B
rjhkkORSP,B
rjhkkORSQ,B
rjhkkORSR,B
rjhkkORSS,B
rjhkkORST,B
rjhkkORSU,B
rjhkkORSV,B
rjhkkORSW,B
rjhkkORSX,B
rjhkkORTO,B
z^Ct[,P^[ڂ ͂𗭂 Q^[ڂ UBɗȈꌂ ł₷ Ђ܂邱Ƃ B
tF[, ^ _[W R̂P _[W󂯂B
EBhWx,P m  Ђ܂B
VbNX^v,U T l` ЂoBǐl`Ƃ 퓬 IB
̕, i D ɎgB
̗,K U B
cCX^[,Q`T A UB
嗳,S`T^[   ߂ UB
}No[Xg,R m  ԂɂB
_GACh,Q m  Ђ܂B
EBhEFCu,R m  Ђ܂B
,P m  ׂĂ \͂ オB
X}bVXs,U SXL gbv ΂B
t, ΂ 搧łB
_̉,S^[   S rq グB
˕, T l` ЂoBǐl`Ƃ 퓬 IB
~܂,nʂ ~ ő go  B
, 𗦂 グB
ʓV, rq 傫 グB
C۔uv,Cۂ  B
tFU[Vbg,ʏUB
،͂炵,ɗȈꌂ o₷B
闒,ʏUB
ΐ,Q m  rq グB
ZE,ʏUB͂PKłȂB
, Ue rq グB
rjhkkORVV,B
rjhkkORVW,B
rjhkkORVX,B
rjhkkORWO,B
rjhkkORWP,B
rjhkkORWQ,B
rjhkkORWR,B
rjhkkORWS,B
rjhkkORWT,B
rjhkkORWU,B
rjhkkORWV,B
rjhkkORWW,B
rjhkkORWX,B
rjhkkORXO,B
rjhkkORXP,B
rjhkkORXQ,B
rjhkkORXR,B
rjhkkORXS,B
rjhkkORXT,B
rjhkkORXU,B
rjhkkORXV,B
rjhkkORXW,B
rjhkkORXX,B
rjhkkOSOO,B
g[n}[, ^ _[W R̂P _[W󂯂BP m  ჏Ԃ B
,P m  rq グB
Xp[NWx,P m  ჏Ԃ B
vY}{[, Ⴢ B
CfBOlCg,P m  ჏Ԃ B
_, Ⴢ B
T_[tH[X,P m  ჏Ԃ B
_̓,R m  ჏Ԃ B
d`[WO,^ _[W  go 񕜂łB
v,U Tl` ւB_[W ^Ȃ łȂBǐl`Ƃ 퓬 IB
Xp[NNX, rq B
d,V m  Ue グB
CgjO`[W, ^[ o  XL { B Uh B
͎,  XL  ɂȂB
EF[upCY, Ⴢ Ԃ B
T_[x[, ჏Ԃ B
Xp[NVbg,P m  ჏Ԃ B
{gOCY,Q m  ჏Ԃ B
,P m  ჏Ԃ B
GiW[{g,P m  ~Ԃ B
E,ʏUB͂PKłȂB
, ΂ 搧ł  Ђ܂B
rjhkkOSQR,B
rjhkkOSQS,B
rjhkkOSQT,B
rjhkkOSQU,B
rjhkkOSQV,B
rjhkkOSQW,B
rjhkkOSQX,B
rjhkkOSRO,B
rjhkkOSRP,B
rjhkkOSRQ,B
rjhkkOSRR,B
rjhkkOSRS,B
rjhkkOSRT,B
rjhkkOSRU,B
rjhkkOSRV,B
rjhkkOSRW,B
rjhkkOSRX,B
rjhkkOSSO,B
rjhkkOSSP,B
rjhkkOSSQ,B
rjhkkOSSR,B
rjhkkOSSS,B
rjhkkOSST,B
rjhkkOSSU,B
rjhkkOSSV,B
rjhkkOSSW,B
rjhkkOSSX,B
rjhkkOSTO,B
~iXtbNX, ^ _[W R̂P _[W󂯂B
jׂ̋|,P m  Ђ܂B
Ag~bNGiW[,^ _[W  go 񕜂łB
CgWx,P m  Ԃ B
V̕,炩 Cۂ̎ З͂ Q{ɂ Cۂ B
I[o[C, ΂ 搧łB
pX[U[,^[  ȂȂB
A[NCg,U  Ue 傫 B
[{E,P m  B
X^[tA,Q m   B
tB[hoA,T^[  oA 肩 󂯂 UeXL _[WB
tB[hveNg,T^[  veNg 肩 󂯂 WeXL _[W B
K^̓,T^[  ̏  Ԉُ ȂȂB
z̉, We Ue グB̂Ƃ ʂ オB
̉, Ue Uh グB
萯, We 傫 B
FH, | Ԃ B
Me, Ԃ B
C۔uɌv,Cۂ Ɍ B
CgAbv,ɗȈꌂ o₷B
GWF_[,Q m   B
̌,ʏUB
˃[U[,Q m  Ђ܂B
E,ʏUB͂PKłȂB
W, We グB
rjhkkOSVU,B
rjhkkOSVV,B
rjhkkOSVW,B
rjhkkOSVX,B
rjhkkOSWO,B
rjhkkOSWP,B
rjhkkOSWQ,B
rjhkkOSWR,B
rjhkkOSWS,B
rjhkkOSWT,B
rjhkkOSWU,B
rjhkkOSWV,B
rjhkkOSWW,B
rjhkkOSWX,B
rjhkkOSXO,B
rjhkkOSXP,B
rjhkkOSXQ,B
rjhkkOSXR,B
rjhkkOSXS,B
rjhkkOSXT,B
rjhkkOSXU,B
rjhkkOSXV,B
rjhkkOSXW,B
rjhkkOSXX,B
rjhkkOTOO,B
ŃCtFNV,ʏUB
_[NXtBA,Q m  Ђ܂B
ubNAEg,R m  ÈŏԂ B
`FWO,U Tl` ւB_[W ^Ȃ łȂBǐl`Ƃ 퓬 IB
pjbNR[,肪 i Ă З͂ P.T{ɂȂB i ȂĂ܂B
XgNCVX,炩̒n̎ З͂ Q{ɂ n B
_[NA[,Q A UB
m̈,Q`T A UB
Í,Q`R^[ XL UB̌ B
_[NlXXC[c,P m  ÈŏԂ B
vX̖,ɗȈꌂ o₷B
̈,S`T^[   ߂ UB
V[Ng[h,  i B
ubNz[, 퓬 Ȃ B
l`̉Ԃ, 퓬s\ Ȃ邪 ̂  We Ue 傫 B
VhEp[, We Wh グB
oChgbv,oChgbv ݒu  oĂ  rq B
Â, ÈŏԂ B
C۔uZv,Cۂ Z B
_[N{[,P m  ÈŏԂ B
lڂ̉el`,P m  ÈŏԂ B
obh[,P m  ÈŏԂ B
ubfBXg[,P m  Ђ܂B
㕄E,ʏUB͂PKłȂB
A,  グB
rjhkkOTQU,B
rjhkkOTQV,B
rjhkkOTQW,B
rjhkkOTQX,B
rjhkkOTRO,B
rjhkkOTRP,B
rjhkkOTRQ,B
rjhkkOTRR,B
rjhkkOTRS,B
rjhkkOTRT,B
rjhkkOTRU,B
rjhkkOTRV,B
rjhkkOTRW,B
rjhkkOTRX,B
rjhkkOTSO,B
rjhkkOTSP,B
rjhkkOTSQ,B
rjhkkOTSR,B
rjhkkOTSS,B
rjhkkOTST,B
rjhkkOTSU,B
rjhkkOTSV,B
rjhkkOTSW,B
rjhkkOTSX,B
rjhkkOTTO,B
xmm@,P m  ŏԂ B
_Xg{,R m  ŏԂ B
Ŗ,ɗȈꌂ ł₷ P m  ŏԂ B
FmXgCN, iĂ gȂBQ m  ŏԂ B
|CY{,P m  ŏԂ B
̉,R m  ŏԂ B
i]̉t, ғŏԂ ɂ З͂ Q{ ȂB
lKeBu~Xg,K U B \͕ω  ߂B
ŁXXpC, Uh 傫 B
|CYgbv,|CYgbv ݒu  oĂ  l` łɂBQg ғ ɂB
~AY}, ғŏԂ Bő l` g KB
p[vXbO,P m  ŏԂ B
wh{[,Q m  ғŏԂ B
e,R m  ŏԂ B
ғŃKX,Q m  ғŏԂ B
\ꕄE,ʏUB͂PKłȂB
, ŏԂ B
rjhkkOTUW,B
rjhkkOTUX,B
rjhkkOTVO,B
rjhkkOTVP,B
rjhkkOTVQ,B
rjhkkOTVR,B
rjhkkOTVS,B
rjhkkOTVT,B
rjhkkOTVU,B
rjhkkOTVV,B
rjhkkOTVW,B
rjhkkOTVX,B
rjhkkOTWO,B
rjhkkOTWP,B
rjhkkOTWQ,B
rjhkkOTWR,B
rjhkkOTWS,B
rjhkkOTWT,B
rjhkkOTWU,B
rjhkkOTWV,B
rjhkkOTWW,B
rjhkkOTWX,B
rjhkkOTXO,B
rjhkkOTXP,B
rjhkkOTXQ,B
rjhkkOTXR,B
rjhkkOTXS,B
rjhkkOTXT,B
rjhkkOTXU,B
rjhkkOTXV,B
rjhkkOTXW,B
rjhkkOTXX,B
rjhkkOUOO,B
S~bhiCg, ^ _[W R̂P _[W󂯂BP m  |Ԃ B
Xg[N}[_[,x p ̃^[ɍUB ǂ  _[W ^B
VhEWx,P m  |Ԃ B
\EnEh,K U B
O鮂̗U, i ĂȂ _[W Q{ ȂB
VhE{, ΂ 搧łB
JtFbW, x   Œ_[W  ^B
|^[KCXg,P m  |Ԃ B
Qs썰,ʏUB
S[XgEF[u,R m  |Ԃ B
HyC,肪 Ԉُ̎ З͂ Q{ ȂB
\EC[g,P m  ׂĂ \͂ オB
҂̌Ăѐ,XL  U 󂯂 퓬s\ Ȃ  퓬s\ B
􂢕Ԃ,  go 킹    B
_̕, go㏞  _ Ăъ񂹂B
f,O Ă XL S^[  gȂB
̚},肪 Ō g XL ro S 炷B
̐, |Ԃ B
S[XggbN,P m  Ԃ B
쒍,P m  Ԃ B
lEH[LO,R m  |Ԃ B
,P m  |Ԃ B
\E,ʏUB͂PKłȂB
ς݊ , Uh グB
rjhkkOUQT,B
rjhkkOUQU,B
rjhkkOUQV,B
rjhkkOUQW,B
rjhkkOUQX,B
rjhkkOURO,B
rjhkkOURP,B
rjhkkOURQ,B
rjhkkOURR,B
rjhkkOURS,B
rjhkkOURT,B
rjhkkOURU,B
rjhkkOURV,B
rjhkkOURW,B
rjhkkOURX,B
rjhkkOUSO,B
rjhkkOUSP,B
rjhkkOUSQ,B
rjhkkOUSR,B
rjhkkOUSS,B
rjhkkOUST,B
rjhkkOUSU,B
rjhkkOUSV,B
rjhkkOUSW,B
rjhkkOUSX,B
rjhkkOUTO,B
NXJE^[,̃^[ Ō 󂯂 WXL _[W Q{ɂ ԂB
R, RXg ق З͂ ȂB
C̋Ɉ, x   Œ_[W  ^B
O̓, go ق З͂ オB
^jf,^[  ȂȂB
eICpNg,XL o܂ł U 󂯂 sB
̖̌^,U O  őgo  _[W 󂯂B
΂QRc,  B
V,U  Wh Uh B
NXhCu,g  rq B
_VO\[h,ɗȈꌂ o₷B
Cto[Xg,K U B
I[hC,^ _[W  go 񕜂łB
uCNVbg, eoA eveNg j󂷂B
ÃgMm,肩 XL 󂯂Ă   ΂ XL З͂ Q{ ȂB
`[WOX^,U T l` ЂoB
R[NXN[,V m  We オB
XgCNVbg, ΂ 搧łB
V̈ꌂ, 퓬s\ Ȃ邪  go _[W ^B
MKeBbN,P m  Uh B
k,Q m  Ђ܂B
A_[Xebv, rq B
o,Q A UB
bVA^bN,Q`T A UB
_̉, ɗ␳ 傫 グB
˂,ɗȈꌂ o₷B
ł,ʏUB
,ʏUB
,P m  Ue オB
\񕄁E,ʏUB͂PKłȂB
󂯐g, Wh グB
rjhkkOUWQ,B
rjhkkOUWR,B
rjhkkOUWS,B
rjhkkOUWT,B
rjhkkOUWU,B
rjhkkOUWV,B
rjhkkOUWW,B
rjhkkOUWX,B
rjhkkOUXO,B
rjhkkOUXP,B
rjhkkOUXQ,B
rjhkkOUXR,B
rjhkkOUXS,B
rjhkkOUXT,B
rjhkkOUXU,B
rjhkkOUXV,B
rjhkkOUXW,B
rjhkkOUXX,B
rjhkkOVOO,B
Ղ̑㏞, \͂ オĂ ق З͂ オB
􃋌z, e g UB
Ae,P m  Wh B
Xj[LO, ΂ 搧ł 肪 oXL UXLłȂ sB
~[WGbW,ɗȈꌂ o₷B
ޗ̉,R m  ̐B
ZgG̉,肪 i Ă З͂ P.T{ɂȂ i R₵ gȂB
\,uʂ܂ ؂ĂvB
CrWun[g,K U B
Ë,  U ł З͂ Q{ ȂB
ǔ, l` ւ Ƃ XL Ă З͂ {ɂȂB
OreBuXg, go Ȃق З͂ B
,̃^[ Ō 󂯂 gUXL _[W Q{ɂ ԂB
J^XgtB,P m  Uh B
fpf~bN,R m   B
AmEtA,R m  B
svcȔg, Uhł͂Ȃ Wh _[W eB
ReBj[,Q^[  ~Ԃ Ȃ go Ԉُ S 񕜂B
凋CO,ωXL  ˕ԂB
Վ̌,Ō gꂽ XL  UB
AlWA, ^[  ~Ԃ B
Uu,  We Ue \͕ω ւB
A^bN~[,  We Ue   킯B
NX`FW,  AreB ւB
hu,  Wh Uh \͕ω ւB
K[h~[,  Wh Uh   킯B
,   ԏ XL  ςB
hbyQK[,    ɂB
C}WlCg, We Wh ւB
҂̑R, Ԉُ  ʂ  B
|[bV, AreB  ɂB
fg,\͕ω Ԃ  ɂB
̑zN, AreB ɂB
}ChRg[, AreB  ɂB
SS̓, ~Ԃ B
hJ[, ~Ԃ B
oe,ʏUB
ʐE,R m  Ђ܂B
EBIEBXv,ʏUB
C}Wth,P m  Uh B
\OE,ʏUB͂PKłȂB
z, We B
rjhkkOVSR,B
[huCN, XLQ S^[  gȂB
rjhkkOVST,B
rjhkkOVSU,B
rjhkkOVSV,B
rjhkkOVSW,B
rjhkkOVSX,B
rjhkkOVTO,B
to[Xg,U  We Wh B
nCg[NbV,P m  \͂ _ P B
_VOC,T m  Wh B
HATu, We B
eI[PXg,ʏUB
EgnCg[,P m  \͂ _ P グB
nEhmCY,T m  Uh B
̃fB[,K U B
߈̐, Ue B
K, \͂ オĂ ق З͂ オB
GJbW,肪 Ō g XL R^[   B
Abvr[g,R^[   _[W ^ XL Ȃ ȂB
AEe|,S \͕ω  ߂B
u[CO,T l` ЂoB
jł̐, l` R^[ 퓬s\ ȂBシ ʂ ȂȂB
uCu\O, Ue 傫 グB
, Uh 傫 グB
nslX_X, Wh Uh グB
ە, Wh 傫 グB
fNbVFh, We Ue  T l` シBǐl`Ƃ 퓬 IB
, We 傫 B
؂萺, Ue 傫 B
{, Uh 傫 B
ʑ], \͕ω ]B
K, Wh 傫 B
N[,  XL QA ȂȂB
qS, ~Ԃ B
nEO,ʏUB
ArGg,P m  \͂ _ P B
\vm{CX,ʏUB
~,P m  \͂ _ P グB
\lE,ʏUB͂PKłȂB
`[jO, Ue グB
rjhkkOVWS,B
rjhkkOVWT,B
rjhkkOVWU,B
rjhkkOVWV,B
rjhkkOVWW,B
rjhkkOVWX,B
rjhkkOVXO,B
rjhkkOVXP,B
rjhkkOVXQ,B
rjhkkOVXR,B
rjhkkOVXS,B
rjhkkOVXT,B
rjhkkOVXU,B
rjhkkOVXV,B
rjhkkOVXW,B
rjhkkOVXX,B
rjhkkOWOO,B
rjhkkOWOP,B
rjhkkOWOQ,B
rjhkkOWOR,B
rjhkkOWOS,B
rjhkkOWOT,B
rjhkkOWOU,B
rjhkkOWOV,B
rjhkkOWOW,B
rjhkkOWOX,B
rjhkkOWPO,B
rjhkkOWPP,B
rjhkkOWPQ,B
rjhkkOWPR,B
rjhkkOWPS,B
rjhkkOWPT,B
rjhkkOWPU,B
rjhkkOWPV,B
rjhkkOWPW,B
rjhkkOWPX,B
rjhkkOWQO,B
rjhkkOWQP,B
rjhkkOWQQ,B
rjhkkOWQR,B
rjhkkOWQS,B
rjhkkOWQT,B
rjhkkOWQU,B
rjhkkOWQV,B
rjhkkOWQW,B
rjhkkOWQX,B
rjhkkOWRO,B
rjhkkOWRP,B
rjhkkOWRQ,B
rjhkkOWRR,B
rjhkkOWRS,B
rjhkkOWRT,B
rjhkkOWRU,B
rjhkkOWRV,B
rjhkkOWRW,B
rjhkkOWRX,B
rjhkkOWSO,B
rjhkkOWSP,B
rjhkkOWSQ,B
rjhkkOWSR,B
rjhkkOWSS,B
rjhkkOWST,B
rjhkkOWSU,B
rjhkkOWSV,B
rjhkkOWSW,B
rjhkkOWSX,B
rjhkkOWTO,B
rjhkkOWTP,B
rjhkkOWTQ,B
rjhkkOWTR,B
rjhkkOWTS,B
rjhkkOWTT,B
rjhkkOWTU,B
rjhkkOWTV,B
rjhkkOWTW,B
rjhkkOWTX,B
rjhkkOWUO,B
rjhkkOWUP,B
rjhkkOWUQ,B
rjhkkOWUR,B
rjhkkOWUS,B
rjhkkOWUT,B
rjhkkOWUU,B
rjhkkOWUV,B
rjhkkOWUW,B
rjhkkOWUX,B
rjhkkOWVO,B
rjhkkOWVP,B
rjhkkOWVQ,B
rjhkkOWVR,B
rjhkkOWVS,B
rjhkkOWVT,B
rjhkkOWVU,B
rjhkkOWVV,B
rjhkkOWVW,B
rjhkkOWVX,B
rjhkkOWWO,B
rjhkkOWWP,B
rjhkkOWWQ,B
rjhkkOWWR,B
rjhkkOWWS,B
rjhkkOWWT,B
rjhkkOWWU,B
rjhkkOWWV,B
rjhkkOWWW,B
rjhkkOWWX,B
rjhkkOWXO,B
rjhkkOWXP,B
rjhkkOWXQ,B
rjhkkOWXR,B
rjhkkOWXS,B
rjhkkOWXT,B
rjhkkOWXU,B
rjhkkOWXV,B
rjhkkOWXW,B
rjhkkOWXX,B
rjhkkOXOO,B
rjhkkOXOP,B
rjhkkOXOQ,B
rjhkkOXOR,B
rjhkkOXOS,B
rjhkkOXOT,B
rjhkkOXOU,B
rjhkkOXOV,B
rjhkkOXOW,B
rjhkkOXOX,B
rjhkkOXPO,B
rjhkkOXPP,B
rjhkkOXPQ,B
rjhkkOXPR,B
rjhkkOXPS,B
rjhkkOXPT,B
rjhkkOXPU,B
rjhkkOXPV,B
rjhkkOXPW,B
rjhkkOXPX,B
rjhkkOXQO,B
rjhkkOXQP,B
rjhkkOXQQ,B
rjhkkOXQR,B
rjhkkOXQS,B
rjhkkOXQT,B
rjhkkOXQU,B
rjhkkOXQV,B
rjhkkOXQW,B
rjhkkOXQX,B
rjhkkOXRO,B
rjhkkOXRP,B
rjhkkOXRQ,B
rjhkkOXRR,B
rjhkkOXRS,B
rjhkkOXRT,B
rjhkkOXRU,B
rjhkkOXRV,B
rjhkkOXRW,B
rjhkkOXRX,B
rjhkkOXSO,B
rjhkkOXSP,B
rjhkkOXSQ,B
rjhkkOXSR,B
rjhkkOXSS,B
rjhkkOXST,B
rjhkkOXSU,B
rjhkkOXSV,B
rjhkkOXSW,B
rjhkkOXSX,B
rjhkkOXTO,B
rjhkkOXTP,B
rjhkkOXTQ,B
rjhkkOXTR,B
rjhkkOXTS,B
rjhkkOXTT,B
rjhkkOXTU,B
rjhkkOXTV,B
rjhkkOXTW,B
rjhkkOXTX,B
rjhkkOXUO,B
rjhkkOXUP,B
rjhkkOXUQ,B
rjhkkOXUR,B
rjhkkOXUS,B
rjhkkOXUT,B
rjhkkOXUU,B
rjhkkOXUV,B
rjhkkOXUW,B
rjhkkOXUX,B
rjhkkOXVO,B
rjhkkOXVP,B
rjhkkOXVQ,B
rjhkkOXVR,B
rjhkkOXVS,B
rjhkkOXVT,B
rjhkkOXVU,B
rjhkkOXVV,B
rjhkkOXVW,B
rjhkkOXVX,B
rjhkkOXWO,B
rjhkkOXWP,B
rjhkkOXWQ,B
rjhkkOXWR,B
rjhkkOXWS,B
rjhkkOXWT,B
rjhkkOXWU,B
rjhkkOXWV,B
rjhkkOXWW,B
rjhkkOXWX,B
rjhkkOXXO,B
rjhkkOXXP,B
rjhkkOXXQ,B
rjhkkOXXR,B
rjhkkOXXS,B
rjhkkOXXT,B
rjhkkOXXU,B
rjhkkOXXV,B
rjhkkOXXW,B
rjhkkOXXX,B
rjhkkPOOO,B
rjhkkPOOP,B
rjhkkPOOQ,B
rjhkkPOOR,B
rjhkkPOOS,B
rjhkkPOOT,B
rjhkkPOOU,B
rjhkkPOOV,B
rjhkkPOOW,B
rjhkkPOOX,B
rjhkkPOPO,B
rjhkkPOPP,B
rjhkkPOPQ,B
rjhkkPOPR,B
rjhkkPOPS,B
rjhkkPOPT,B
rjhkkPOPU,B
rjhkkPOPV,B
rjhkkPOPW,B
rjhkkPOPX,B
rjhkkPOQO,B
rjhkkPOQP,B
rjhkkPOQQ,B
rjhkkPOQR,B
