0,Ȃ,ȂB
1,R(Trial),s`̂Ƃ̃XL̈З͂オB
2,t(Trial),s`̂Ƃ̃XL̈З͂オB
3,G肷鐉(Trial),s`̂ƂR̃XL̈З͂オB
4,GANbV(Trial),ñXL𖳌ɂB
5,̋n(Trial),~ԂɂȂȂB
6,Ȃ₩[(Trial),჏ԂɂȂȂB
7,yV(Trial),ԂɂȂȂB
8,(Trial),ԈُɂȂƂ𓯂ԈُɂB
9,(Trial),Ԉُ̎ rqオB
10,C(Trial),~Ԃ₷ȂB
11,eiX(Trial),^[IɏԈُ񕜂鎖B
12,S(Trial),Ԉُ̂ƂWeオB
13,WJ(Trial),ɏoƂ̏WePiKB
14,K^(Trial),XL̒ǉʂ̔mオB
15,|WeBu(Trial),\͂ƎUeQiKオB
16,Ďˌ(Trial),A񐔃XLKő吔B
17,Abve|(Trial),^[IɏrqPiKオB
18,}u(Trial),サɏԈُ񕜂B
19,I[gq[O(Trial),^[Iɂgo񕜂BԈُ͔̎ȂB
20,`akOQO,ȂB
21,`akOQP,ȂB
22,`akOQQ,ȂB
23,`akOQR,ȂB
24,`akOQS,ȂB
25,`akOQT,ȂB
26,`akOQU,ȂB
27,`akOQV,ȂB
28,`akOQW,ȂB
29,`akOQX,ȂB
30,`akORO,ȂB
31,`akORP,ȂB
32,`akORQ,ȂB
33,`akORR,ȂB
34,`akORS,ȂB
35,`akORT,ȂB
36,`akORU,ȂB
37,`akORV,ȂB
38,`akORW,ȂB
39,`akORX,ȂB
40,`akOSO,ȂB
41,`akOSP,ȂB
42,`akOSQ,ȂB
43,`akOSR,ȂB
44,`akOSS,ȂB
45,`akOST,ȂB
46,`akOSU,ȂB
47,`akOSV,ȂB
48,`akOSW,ȂB
49,`akOSX,ȂB
50,`akOTO,ȂB
51,`akOTP,ȂB
52,`akOTQ,ȂB
53,`akOTR,ȂB
54,`akOTS,ȂB
55,`akOTT,ȂB
56,`akOTU,ȂB
57,`akOTV,ȂB
58,`akOTW,ȂB
59,`akOTX,ȂB
60,`akOUO,ȂB
61,`akOUP,ȂB
62,`akOUQ,ȂB
63,`akOUR,ȂB
64,`akOUS,ȂB
65,`akOUT,ȂB
66,`akOUU,ȂB
67,`akOUV,ȂB
68,`akOUW,ȂB
69,`akOUX,ȂB
70,`akOVO,ȂB
71,`akOVP,ȂB
72,`akOVQ,ȂB
73,`akOVR,ȂB
74,`akOVS,ȂB
75,`akOVT,ȂB
76,`akOVU,ȂB
77,`akOVV,ȂB
78,`akOVW,ȂB
79,`akOVX,ȂB
80,`akOWO,ȂB
81,`akOWP,ȂB
82,`akOWQ,ȂB
83,`akOWR,ȂB
84,`akOWS,ȂB
85,`akOWT,ȂB
86,`akOWU,ȂB
87,`akOWV,ȂB
88,`akOWW,ȂB
89,`akOWX,ȂB
90,`akOXO,ȂB
91,`akOXP,ȂB
92,`akOXQ,ȂB
93,`akOXR,ȂB
94,`akOXS,ȂB
95,`akOXT,ȂB
96,`akOXU,ȂB
97,`akOXV,ȂB
98,`akOXW,ȂB
99,`akOXX,ȂB
100,Cuv,퓬ɏo CۂɂȂB
101,CuɌv,퓬ɏo CۂɌɂȂB
102,CuZv,퓬ɏo CۂZɂȂB
103,Cuv,퓬ɏo CۂɂȂB
104,o,CہF̎ ̃XL킵₷ȂB܂̃_[W󂯂ȂB
105,oiU,CہF̎ ̏WeP.R{ɂȂB܂̃_[W󂯂ȂB
106,o,CہF̎ ̏rqQ{ɂȂB܂̃_[W󂯂ȂB
107,M,CہFɌ̎ ̏rqQ{ɂȂB
108,AẺb,CہFɌ̎ ^[go񕜂B
109,̃J[e,CہFɌ̎ ^[IɏԈُ킪񕜂B
110,s,CہFZ̎ ̏rqQ{ɂȂB
111,P@,CہFZ̎ ̎UeP.T{ɂȂ邪 ^[_[W󂯂B
112,B,CہFZ̎ ̃XL킵₷ȂB
113,eC,CہF̎ ̎UeEUhP.T{ɂȂB
114,CS,CہF̎ ԈُɂȂȂB
115,x~,CہF̎ ^[go񕜂B
116,NULL,ȂB
117,SV^,݂ ׂĂ̋Cۂ e󂯂ȂB
118,VC\,ȂB
119,׎R,ȂB
120,ł̈,Ɏキ _[W 󂯂Błz go񕜂B
121,,gi߂ƂBCہF̎ K߂B
122,NULL,ȂB
123,R,cgoP/Rȉ̎ ̈З͂オB
124,t,cgoP/Rȉ̎ ̈З͂オB
125,G肷鐉,cgoP/Rȉ̎ R̈З͂オB
126,rȂ鉩y,cgoP/Rȉ̎ n̈З͂オB
127,SȂ|,cgoP/Rȉ̎ |S̈З͂オB
128,rԖG,cgoP/Rȉ̎ ̈З͂オB
129,,cgoP/Rȉ̎ ̈З͂オB
130,_X,cgoP/Rȉ̎ ̈З͂オB
131,[Ȃ鍕,cgoP/Rȉ̎ ő̈З͂オB
132,ЁX,cgoP/Rȉ̎ ̈З͂オB
133,ŁX,cgoP/Rȉ̎ ő̈З͂オB
134,ȂR,cgoP/Rȉ̎ ̈З͂オB
135,B͌ЂȉO,cgoP/Rȉ̎ ̈З͂オB
136,苿,cgoP/Rȉ̎ ̈З͂オB
137,`akPRV,ȂB
138,΂̉b,̃XL𖳌 go񕜂B
139,̌b,̃XL𖳌 go񕜂B
140,R̗,R̃XL𖳌 UeiKオB
141,GANbV,ñXL𖳌BtłB
142,p,|S̃XL𖳌 WeiKオB
143,,̃XL𖳌 rqiKオB
144,dU,̃XL𖳌 UeiKオB
145,z,̃XL𖳌 UeiKオB
146,lKeBuI[,ő̃XL𖳌 WeiKオB
147,M,̃XL𖳌 go񕜂B
148,pʌ,ő̃XL𖳌 go񕜂B
149,Bl̑̎J,̃XL𖳌 WeiKオB
150,h邪ʐS,̃XL𖳌 Ԉُ񕜂B
151,z,̃XL𖳌 WeƎUeiKオB
152,`akPTQ,ȂB
153,z̋C,EẼXL󂯂 _[Wy ̏rqiKオB
154,A̋C,ŁEEő̃XL󂯂 _[Wy ̏rqiKオB
155,p,Eő̃XLŎ󂯂_[W𔼌B
156,U,̃XL󂯂 UeiKオB
157,P,̃XL󂯂 WeiKオB
158,펯j,ŖɂXL ɓB
159,`akPTX,ȂB
160,eD, łȂȂB
161,og}jA,̑ łȂȂB
162,t,ȊȎ łȂȂB
163,`akPUR,ȂB
164,`V^,ȂB
165,ƉΔV^,g̃XL ɂȂ З͂P.R{ɂȂB
166,V^,g̃XL ɂȂ З͂P.R{ɂȂB
167,V^,g̃XL RɂȂ З͂P.R{ɂȂB
168,rV^,g̃XL nɂȂ З͂P.R{ɂȂB
169,d|V^,g̃XL |SɂȂ З͂P.R{ɂȂB
170,\V^,g̃XL ɂȂ З͂P.R{ɂȂB
171,V^,g̃XL ɂȂ З͂P.R{ɂȂB
172,V^,g̃XL ɂȂ З͂P.R{ɂȂB
173,ŖV^,g̃XL őɂȂ З͂P.R{ɂȂB
174,V^,g̃XL ɂȂ З͂P.R{ɂȂB
175,ŋCV^,g̃XL őɂȂ З͂P.R{ɂȂB
176,V^,g̃XL ɂȂ З͂P.R{ɂȂB
177,eV^,g̃XL ɂȂ З͂P.R{ɂȂB
178,tyV^,g̃XL ɂȂ З͂P.R{ɂȂB
179,`akPVX,ȂB
180,R̎,ŁEғŏԂɂȂȂB
181,Sŋp,ΏEΏԂɂȂȂB
182,,~ԂɂȂȂB
183,s̍\,܂ȂB
184,Ȃ₩[,჏ԂɂȂȂB
185,yV,ԂɂȂȂB
186,Ò,⏕XL𕕂ȂB
187,Rz,s𐧌ȂB
188,`akPWW,ȂB
189,,ԈُɂȂ  ԈُɂB
190,,Ԉُ̎ rqP.T{ɂȂB჏ԂłqቺȂB
191,,Ԉُ̎ WhP.T{ɂȂB
192,ɕ,ŁEғŏԂ̎ WeP.T{ɂȂB
193,ϓňז,ŁEғŏԂ̎ ^[go񕜂B
194,C,~Ԃ̕A^[ɂȂB
195,`akPXT,ȂB
196,mC,ȂB
197,eiX,^[IɂR̊mŏԈُ񕜂B
198,S,Ԉُ̎ WeP.T{ɂȂBÈŏԂłWeቺȂB
199,Њdˌ,ɏo ̎UeiKB
200,WJ,ɏo ̏WeiKB
201,e,ɏo ƓAreBɂȂB
202,C,ɏo ̔\͂ďWeEUêǂ炩iKグB
203,Z,ɏo 肪EђʂXLĂ邩ǂ킩B
204,ǐS,ȂB
205,,ɏo 肪Ă鑕i킩B
206,X,ȂB
207,`akQOV,ȂB
208,ܕ̈Ӓn,З͂XTȏ̃XL eԂB
209,ʉ,З͂XTȏ̃XL eԂB
210,Q̉g,З͂XOȏ̃XLŎg퓬s\ɂȂƂ eԂB
211,ł̈,WXL󂯂Ƃ R̊mőŏԂɂB
212,`akQPQ,ȂB
213,Ή̈,gUXL󂯂Ƃ R̊mőΏԂɂB
214,ѓd,WXL󂯂Ƃ R̊mő჏ԂɂB
215,U,WXL󂯂Ƃ Q̊mőԂɂB
216,,gUXL󂯂Ƃ R̊mő𐊎ԂɂB
217,ł̗,WXL󂯂Ƃ P̊mőÈŏԂɂB
218,҂̔,gUXL󂯂Ƃ P̊mő|ԂɂB
219,`akQPX,ȂB
220,WQ@,З͂WOȏ̃XL󂯂 ̏rqiKቺB
221,C,XLEőj񂾎 ̏WeiKቺB
222,h,XLEőj񂾎 ̎UeiKቺB
223,,ȂB
224,U,ȂB
225,`akQQT,ȂB
226,,З͂XTȉ XL ǂLB
227,`akQQV,ȂB
228,A[}[p[W,WXL󂯂 WhiK rqiKオB
229,`akQQX,ȂB
230,`akQRO,ȂB
231,@,ɗȈꌂ ł₷ȂB
232,_,ɗȈꌂ З͂オB
233,`akQRR,ȂB
234,ᛎ,ɗȈꌂ󂯂 Weő܂ŏオB
235,`akQRT,ȂB
236,E,XL _[W󂯂ȂB
237,sɐg,XL З͂P.Q{ɂȂB
238,`akQRW,ȂB
239,`akQRX,ȂB
240,`akQSO,ȂB
241,`akQSP,ȂB
242,`akQSQ,ȂB
243,`akQSR,ȂB
244,`akQSS,ȂB
245,,Ă鑕i ʂ󂯂ȂB
246,gy,Ă鑕iȂȂ rqQ{ɂȂB
247,Ջ@,ȂB
248,pȎ,ȂB
249,ޓ,iɍUXL𓖂Ă ̑iDB
250,W,Ă鑕iƂȂB
251,`akQTP,ȂB
252,Ј,݂̐l` ꕔ̑igȂȂB
253,Sz,goɂȂ gB
254,`akQTS,ȂB
255,P,UXLgp P̊mő܂B
256,|CY{fB,UXLgp R̊mőŏԂɂB
257,K^,XL̒ǉʂ̔mQ{ɂȂB
258,ˊ,ǉʂ̂XL̈З͂P.R{ɂȂ邪 ǉʂȂȂB
259,`akQTX,ȂB
260,Ss,ȂB
261,,̃XLEAreBŔ\͂ȂB
262,,\͂ WeiKオB
263,|WeBu,\͂ UeiKオB
264,,\͕ωt]B
265,d,rqȊO ̔\͕ω𖳎B
266,`akQUU,ȂB
267,ς炢,AčsłȂB
268,]T,T^[̊ UeErq̒lɂȂB
269,VËא,goȉ̎ WeƎUeɂȂB
270,`akQVO,ȂB
271,X[e|,UɂȂ邩 󂯂_[WO.X{ɂȂB
272,DS,⏕XL̗Dx+PB
273,cs,UeP.T{ɂȂ邪 XL̖O.W{ɂȂB
274,,WeP.T{ɂȂ邪 XL̖O.W{ɂȂB
275,v,WXL̈З͂Q{ɂȂB
276,󂯗,WXLŎ󂯂_[W𔼌B
277,`akQVV,ȂB
278,],XL̖P.R{ɂȂB
279,,݂̃XLKɂȂB
280,ˌ,̃XLEAreBŖȂB̉𖳎čUłB
281,`akQWP,ȂB
282,ϖ,XLoO ̃XL̑ɂȂB
283,[,ȂB
284,dω,ʂ̐l`̎pɕϐg oꂷB_[W󂯂ƌɖ߂B
285,`akQWT,ȂB
286,̐,UōU XL̈З͂P.R{ɂȂB
287,Zp,̏̕ǁEoAIvV𖳎 UłB
288,Ďˌ,Q`TŨXL KT񓖂B
289,ӕ,ṽXL̈З͂B
290,mC,| WeiKオB
291,@,З͂UOȉ̃XL̈З͂P.T{ɂȂB
292,Uߏ,XLEɑj܂Ă З͂B
293,cs,̃AreB𖳎 UłB
294,Abve|,^[ rqiKオB
295,s,ꌂŐ퓬s\ɂȂȂBɗȈꌂ󂯂ȂB
296,XX,ꌂŐ퓬s\ɂȂȂB݂Ɉꕔ̃XLgȂȂB
297,m,XL̃_[WȊÕ_[W󂯂ȂB
298,f,EђʂꂽXL󂯂 _[WyB
299,}u,莝ɖ߂ Ԉُ񕜂B
300,,莝ɖ߂ őgôP/R񕜂B
301,sޓ],ȂB
302,s[Xt,ǐl`Ƃ̐퓬KBSZEAreB瓦B
303,ŕϊ,zXL󂯂 ͉񕜂̃̕_[W󂯂B
304,fԂ,⏕XL󂯂 ̌ʂ𑊎ɒ˕ԂB
305,|[J[tFCX,XL̒ǉʂ󂯂ȂB
306,@̋,go^̎ 󂯂_[W𔼌B
307,C,^[Iɂꂩ̔\͂iKオ ̂ꂩ̔\͂iKB
308,E,U󂯂 R̊mŎ󂯂XL𕕂߂B
309,ss,̃XL̏SPQ{ɂB
310,J,XL⑕ǐʂɂ\͕ωQ{ɂȂB
311,nN^N,goȉɂȂƎpƔ\͂ ςB
312,gU,ȂB
313,̎,EђʂȂUXL͓ȂB
314,VߖD,ԕωEԈُEXe[^XቺXLɑ΂ 𗦂オB
315,h,肩̏WXL̃_[WɂȂB
316,I[gq[O,^[go񕜂BԈُ͉̎񕜂ȂB
317,łȍ,̏WXL̃_[WQ{ɂȂ 肩̏WXL̃_[WɂȂB
318,l,ׂĂ̋CێnXĽp^[iɂȂB
319,l,ׂĂ̒nnXĽp^[W^[ɂȂB
320,EւƎa,Ȃ炩̋Cۂ̎ WeEWhEUeEUhQ{ɂȂB
321,E̎,Ȃ炩̒n̎ WhEUhQ{ɂȂ ԈُɂȂ炸 ^[ Ƀ_[W ^B
322,`akRQQ,ȂB
323,`akRQR,ȂB
324,`akRQS,ȂB
325,`akRQT,ȂB
326,`akRQU,ȂB
327,`akRQV,ȂB
328,`akRQW,ȂB
329,`akRQX,ȂB
330,`akRRO,ȂB
331,`akRRP,ȂB
332,`akRRQ,ȂB
333,`akRRR,ȂB
334,`akRRS,ȂB
335,`akRRT,ȂB
336,`akRRU,ȂB
337,`akRRV,ȂB
338,`akRRW,ȂB
339,`akRRX,ȂB
340,`akRSO,ȂB
341,`akRSP,ȂB
342,`akRSQ,ȂB
343,`akRSR,ȂB
344,`akRSS,ȂB
345,`akRST,ȂB
346,`akRSU,ȂB
347,`akRSV,ȂB
348,`akRSW,ȂB
349,`akRSX,ȂB
350,`akRTO,ȂB
351,`akRTP,ȂB
352,`akRTQ,ȂB
353,`akRTR,ȂB
354,`akRTS,ȂB
355,`akRTT,ȂB
356,`akRTU,ȂB
357,`akRTV,ȂB
358,`akRTW,ȂB
359,`akRTX,ȂB
360,`akRUO,ȂB
361,`akRUP,ȂB
362,`akRUQ,ȂB
363,`akRUR,ȂB
364,`akRUS,ȂB
365,`akRUT,ȂB
366,`akRUU,ȂB
367,`akRUV,ȂB
368,`akRUW,ȂB
369,`akRUX,ȂB
370,`akRVO,ȂB
371,`akRVP,ȂB
372,`akRVQ,ȂB
373,`akRVR,ȂB
374,`akRVS,ȂB
375,`akRVT,ȂB
376,`akRVU,ȂB
377,`akRVV,ȂB
378,`akRVW,ȂB
379,`akRVX,ȂB
380,`akRWO,ȂB
381,`akRWP,ȂB
382,`akRWQ,ȂB
383,`akRWR,ȂB
384,`akRWS,ȂB
385,`akRWT,ȂB
386,`akRWU,ȂB
387,`akRWV,ȂB
388,`akRWW,ȂB
389,`akRWX,ȂB
390,`akRXO,ȂB
391,`akRXP,ȂB
392,`akRXQ,ȂB
393,`akRXR,ȂB
394,`akRXS,ȂB
395,`akRXT,ȂB
396,`akRXU,ȂB
397,`akRXV,ȂB
398,`akRXW,ȂB
399,`akRXX,ȂB
400,`akSOO,ȂB
401,`akSOP,ȂB
402,`akSOQ,ȂB
403,`akSOR,ȂB
404,`akSOS,ȂB
405,`akSOT,ȂB
406,`akSOU,ȂB
407,`akSOV,ȂB
408,`akSOW,ȂB
409,`akSOX,ȂB
410,`akSPO,ȂB
411,`akSPP,ȂB
412,`akSPQ,ȂB
413,`akSPR,ȂB
414,`akSPS,ȂB
415,`akSPT,ȂB
416,`akSPU,ȂB
417,`akSPV,ȂB
418,`akSPW,ȂB
419,`akSPX,ȂB
420,`akSQO,ȂB
421,`akSQP,ȂB
422,`akSQQ,ȂB
423,`akSQR,ȂB
424,`akSQS,ȂB
425,`akSQT,ȂB
426,`akSQU,ȂB
427,`akSQV,ȂB
428,`akSQW,ȂB
429,`akSQX,ȂB
430,`akSRO,ȂB
431,`akSRP,ȂB
432,`akSRQ,ȂB
433,`akSRR,ȂB
434,`akSRS,ȂB
435,`akSRT,ȂB
436,`akSRU,ȂB
437,`akSRV,ȂB
438,`akSRW,ȂB
439,`akSRX,ȂB
440,`akSSO,ȂB
441,`akSSP,ȂB
442,`akSSQ,ȂB
443,`akSSR,ȂB
444,`akSSS,ȂB
445,`akSST,ȂB
446,`akSSU,ȂB
447,`akSSV,ȂB
448,`akSSW,ȂB
449,`akSSX,ȂB
450,`akSTO,ȂB
451,`akSTP,ȂB
452,`akSTQ,ȂB
453,`akSTR,ȂB
454,`akSTS,ȂB
455,`akSTT,ȂB
456,`akSTU,ȂB
457,`akSTV,ȂB
458,`akSTW,ȂB
459,`akSTX,ȂB
460,`akSUO,ȂB
461,`akSUP,ȂB
462,`akSUQ,ȂB
463,`akSUR,ȂB
464,`akSUS,ȂB
465,`akSUT,ȂB
466,`akSUU,ȂB
467,`akSUV,ȂB
468,`akSUW,ȂB
469,`akSUX,ȂB
470,`akSVO,ȂB
471,`akSVP,ȂB
472,`akSVQ,ȂB
473,`akSVR,ȂB
474,`akSVS,ȂB
475,`akSVT,ȂB
476,`akSVU,ȂB
477,`akSVV,ȂB
478,`akSVW,ȂB
479,`akSVX,ȂB
480,`akSWO,ȂB
481,`akSWP,ȂB
482,`akSWQ,ȂB
483,`akSWR,ȂB
484,`akSWS,ȂB
485,`akSWT,ȂB
486,`akSWU,ȂB
487,`akSWV,ȂB
488,`akSWW,ȂB
489,`akSWX,ȂB
490,`akSXO,ȂB
491,`akSXP,ȂB
492,`akSXQ,ȂB
493,`akSXR,ȂB
494,`akSXS,ȂB
495,`akSXT,ȂB
496,`akSXU,ȂB
497,`akSXV,ȂB
498,`akSXW,ȂB
499,`akSXX,ȂB
500,`akTOO,ȂB
501,`akTOP,ȂB
502,`akTOQ,ȂB
503,`akTOR,ȂB
504,`akTOS,ȂB
505,`akTOT,ȂB
506,`akTOU,ȂB
507,`akTOV,ȂB
508,`akTOW,ȂB
509,`akTOX,ȂB
510,`akTPO,ȂB
511,`akTPP,ȂB
